info,name,title
 ,娄老师,课程研究员
 ,王老师,课程研究员
 ,王老师,课程研究员
 ,周老师,课程研究员
 ,刘老师,课程研究员
 ,李老师,课程研究员
 ,钱老师,课程研究员
 ,任老师,课程研究员
 ,周老师,课程研究员
 ,孟老师,课程研究员
 ,张老师,课程研究员
 ,赵老师,课程研究员
 ,周老师,课程研究员
 ,原老师,课程研究员
 ,谭老师,课程研究员
 ,李老师,课程研究员
 ,李老师,课程研究员
 ,肖老师,课程研究员
 ,骆老师,课程研究员
 ,朱老师,课程研究员
 ,孔老师,课程研究员
 ,朱老师,课程研究员
 ,郝老师,课程研究员
 ,陈老师,课程研究员
 ,冯老师,课程研究员
 ,郝老师,课程研究员
 ,贺老师,课程研究员
 ,惠老师,课程研究员
 ,李老师,课程研究员
 ,刘老师,课程研究员
 ,刘老师,课程研究员
 ,沈老师,课程研究员
 ,王老师,课程研究员
 ,王老师,课程研究员
 ,许老师,课程研究员
 ,许老师,课程研究员
 ,张老师,课程研究员
 ,赵老师,课程研究员
 ,张老师,课程研究员
 ,张老师,课程研究员
 ,杨老师,课程研究员
 ,杨老师,课程研究员
 ,徐老师,课程研究员
 ,吕老师,课程研究员
 ,罗老师,课程研究员
 ,李老师,课程研究员
 ,冀老师,课程研究员
 ,凡老师,课程研究员
 ,陈老师,课程研究员
 ,陈老师,课程研究员
 ,王老师,课程研究员
 ,沈老师,课程研究员
 ,惠老师,课程研究员
 ,董老师,课程研究员
 ,朱老师,课程研究员
 ,朱老师,课程研究员
 ,毛老师,课程研究员
 ,黄老师,课程研究员
 ,魏老师,课程研究员
 ,毛老师,课程研究员
 ,姚老师,课程研究员
 ,束老师,课程研究员
 ,曾老师,课程研究员
 ,吴老师,课程研究员
 ,张老师,课程研究员
 ,白老师,课程研究员
 ,乐老师,课程研究员
 ,张老师,课程研究员
 ,李老师,课程研究员
 ,姚老师,课程研究员
 ,刘老师,课程研究员
 ,赵老师,课程研究员
 ,谢老师,课程研究员
 ,邓老师,课程研究员
 ,魏老师,课程研究员
 ,王老师,课程研究员
 ,张老师,课程研究员
 ,史老师,课程研究员
 ,刘老师,课程研究员
 ,刘老师,课程研究员
 ,凡老师,课程研究员
 ,满老师,课程研究员
 ,朱老师,课程研究员
 ,朱老师,课程研究员
 ,董老师,课程研究员
 ,郑老师,课程研究员
 ,黄老师,课程研究员
 ,周老师,课改研究员
 ,高老师,课程研究员
 ,张老师,课程研究员
